# id,Prediction
1.0,0.340323967334
2.0,0.500958076505
3.0,0.591860876808
4.0,0.463933304252
5.0,0.492840163173
6.0,0.483706999298
7.0,0.402149439704
8.0,0.453783242488
9.0,0.442566197555
10.0,0.348219016373
11.0,0.446056191411
12.0,0.413494982641
13.0,0.488022830679
14.0,0.466251201126
15.0,0.5634856983
16.0,0.454929579929
17.0,0.504128176486
18.0,0.405514929129
19.0,0.436287019281
20.0,0.280660887241
